1,Q9UQC2,61,HTFNSSSSQYCRPISTQSITSTDSGDSEENYVPMQNPVSASPVPSGTNSPAPKKSTGSVDYLALDFQPSSPSPHRKPSTSSVTSDEKVDYVQVDKEKTQALQNTMQEWTDVRQSSEPSKG,Y
1,P18031,61,GHFWEMVWEQKSRGVVMLNRVMEKGSLKCAQYWPQKEEKEMIFEDTNLKLTLISEDIKSYYTVRQLELENLTTQETREILHFHYTTWPDFGVPESPASFLNFLFKVRESGSLSPEHGPVV,Y
1,P08581,61,LLQGRRLLQPEYCPDPLYEVMLKCWHPKAEMRPSFSELVSRISAIFSTFIGEHYVHVNATYVNVKCVAPYPSLLSSEDNADDEVDTRPASFWET,Y
1,P35968,61,VPYKTKGARFRQGKDYVGAIPVDLKRRLDSITSSQSSASSGFVEEKSLSDVEEEEAPEDLYKDFLTLEHLICYSFQVAKGMEFLASRKCIHRDLAARNILLSEKNVVKICDFGLARDIYK,Y
1,P35568,61,VLQPHLPRKVDTAAQTNSRLARPTRLSLGDPKASTLPRAREQQQQQQPLLHPPEPKSPGEYVNIEFGSDQSGYLSGPVAFHSSPSVRCPSQLQPAPREEETGTEEYMKMDLGPGRRAAWQ,Y
1,P09619,61,PPFSQLVLLLERLLGEGYKKKYQQVDEEFLRSDHPAILRSQARLPGFHGLRSPLDTSSVLYTAVQPNEGDNDYIIPLPDPKPEVADEGPLEGSPSLASSTLNEVNTSSTISCDSPLEPQD,Y
1,P06213,61,PPPTLQEMIQMAAEIADGMAYLNAKKFVHRDLAARNCMVAHDFTVKIGDFGMTRDIYETDYYRKGGKGLLPVRWMAPESLKDGVFTTSSDMWSFGVVLWEITSLAEQPYQGLSNEQVLKF,Y
1,P42768,61,KKISKADIGAPSGFKHVSHVGWDPQNGFDVNNLDPDLRSLFSRAGISEAQLTDAETSKLIYDFIEDQGGLEAVRQEMRRQEPLPPPPPPSRGGNQLPRPPIVGGNKGRSGPLPPVPLGIA,Y
1,Q05397,61,AENMADLIDGYCRLVNGTSQSFIIRPQKEGERALPSIPKLANSEKQGMRTHAVSVSETDDYAEIIDEEDTYTMPSTRDYEIQRERIELGRCIGEGQFGDVHQGIYMSPENPALAVAIKTC,Y
1,Q9UQC2,61,NYVPMQNPVSASPVPSGTNSPAPKKSTGSVDYLALDFQPSSPSPHRKPSTSSVTSDEKVDYVQVDKEKTQALQNTMQEWTDVRQSSEPSKGAK,Y
1,P04626,61,LGSQDLLNWCMQIAKGMSYLEDVRLVHRDLAARNVLVKSPNHVKITDFGLARLLDIDETEYHADGGKVPIKWMALESILRRRFTHQSDVWSYGVTVWELMTFGAKPYDGIPAREIPDLLE,Y
1,P42229,61,DSPERNLWNLKPFTTRDFSIRSLADRLGDLSYLIYVFPDRPKDEVFSKYYTPVLAKAVDGYVKPQIKQVVPEFVNASADAGGSSATYMDQAPSPAVCPQAPYNMYPQNPDHVLDQDGEFD,Y
1,Q9NRY4,61,PPVHFEITKGDLSYLDQGHRDGQRKSVSSSPWLPQDGFDPSDYAEPMDAVVKPRNEEENIYSVPHDSTQGKIITIRNINKAQSNGSGNGSDSEMDTSSLERGRKVSIVSKPVLYRTRCTR,Y
1,Q14289,61,NSLKVLTLVLYSLQICKAMAYLESINCVHRDIAVRNILVASPECVKLGDFGLSRYIEDEDYYKASVTRLPIKWMSPESINFRRFTTASDVWMFAVCMWEILSFGKQPFFWLENKDVIGVL,Y
1,Q14790-4,61,PQTRYIPDEADFLLGMATVNNCVSYRNPAEGTWYIQSLCQSLRERCPRGDDILTILTEVNYEVSNKDDKKNMGKQMPQPTFTLRKKLVFPS,Y
1,P43405,61,VKDKNIIELVHQVSMGMKYLEESNFVHRDLAARNVLLVTQHYAKISDFGLSKALRADENYYKAQTHGKWPVKWYAPECINYYKFSSKSDVWSFGVLMWEAFSYGQKPYRGMKGSEVTAML,Y
1,P51692,61,MFWNLMPFTTRDFSIRSLADRLGDLNYLIYVFPDRPKDEVYSKYYTPVPCESATAKAVDGYVKPQIKQVVPEFVNASADAGGGSATYMDQAPSPAVCPQAHYNMYPQNPDSVLDTDGDFD,Y
1,P18031,61,EFEQIDKSGSWAAIYQDIRHEASDFPCRVAKLPKNKNRNRYRDVSPFDHSRIKLHQEDNDYINASLIKMEEAQRSYILTQGPLPNTCGHFWEMVWEQKSRGVVMLNRVMEKGSLKCAQYW,Y
1,P25963,42,MFQAAERPQEWAMEGPRDGLKKERLLDDRHDSGLDSMKDEEYEQMVKELQEIRLEPQEVPRGSEPWKQQLTEDGDSFLHLAIIHEEKALTMEVIRQVKGDL,Y
1,P03372,61,RVLDKITDTLIHLMAKAGLTLQQQHQRLAQLLLILSHIRHMSNKGMEHLYSMKCKNVVPLYDLLLEMLDAHRLHAPTSRGGASVEETDQSHLATAGSTSSHSLQKYYITGEAEGFPAT,Y
1,P49023,61,ETPYSYPTGNHTYQEIAVPPPVPPPPSSEALNGTILDPLDQWQPSSSRFIHQQPQSSSPVYGSSAKTSSVSNPQDSVGSPCSRVGEEEHVYSFPNKQKSAEPSPTVMSTSLGSNLSELDR,Y
1,P35612,61,QDVKSAGPQSQLLASVIAEKSRSPSTESQLMSKGDEDTKDDSEETVPNPFSQLTDQELEEYKKEVERKKLELDGEKETAPEEPGSPAKSAPASPVQSPAKEAETKSPLVSPSKSLEEGTK,Y
1,P08581,61,TFDITVYLLQGRRLLQPEYCPDPLYEVMLKCWHPKAEMRPSFSELVSRISAIFSTFIGEHYVHVNATYVNVKCVAPYPSLLSSEDNADDEVDTRPASFWET,Y
1,P54764,61,DGANSTVLLVSVSGSVVLVVILIAAFVISRRRSKYSKAKQEADEEKHLNQGVRTYVDPFTYEDPNQAVREFAKEIDASCIKIEKVIGVGEFGEVCSGRLKVPGKREICVAIKTLKAGYTD,Y
1,P07948,61,GKVLLPKLIDFSAQIAEGMAYIERKNYIHRDLRAANVLVSESLMCKIADFGLARVIEDNEYTAREGAKFPIKWTAPEAINFGCFTIKSDVWSFGILLYEIVTYGKIPYPGRTNADVMTAL,Y
1,P43405,61,HVKDKNIIELVHQVSMGMKYLEESNFVHRDLAARNVLLVTQHYAKISDFGLSKALRADENYYKAQTHGKWPVKWYAPECINYYKFSSKSDVWSFGVLMWEAFSYGQKPYRGMKGSEVTAM,Y
1,P06213,61,PPTLQEMIQMAAEIADGMAYLNAKKFVHRDLAARNCMVAHDFTVKIGDFGMTRDIYETDYYRKGGKGLLPVRWMAPESLKDGVFTTSSDMWSFGVVLWEITSLAEQPYQGLSNEQVLKFV,Y
1,Q13480,61,SPRPDSVHSTTSSSDSHDSEENYVPMNPNLSSEDPNLFGSNSLDGGSSPMIKPKGDKQVEYLDLDLDSGKSTPPRKQKSSGSGSSVADERVDYVVVDQQKTLALKSTREAWTDGRQSTES,Y
1,P29320,61,TVIQLVGMLRGIASGMKYLSDMGYVHRDLAARNILINSNLVCKVSDFGLSRVLEDDPEAAYTTRGGKIPIRWTSPEAIAYRKFTSASDVWSYGIVLWEVMSYGERPYWEMSNQDVIKAVD,Y
1,P04629,61,GPLGLGQLLAVASQVAAGMVYLAGLHFVHRDLATRNCLVGQGLVVKIGDFGMSRDIYSTDYYRVGGRTMLPIRWMPPESILYRKFTTESDVWSFGVVLWEIFTYGKQPWYQLSNTEAIDCI,Y
1,P35968,61,SELVEHLGNLLQANAQQDGKDYIVLPISETLSMEEDSGLSLPTSPVSCMEEEEVCDPKFHYDNTAGISQYLQNSKRKSRPVSVKTFEDIPLEEPEVKVIPDDNQTDSGMVLASEELKTLE,Y
1,P42224,61,AVTFPDIIRNYKVMAAENIPENPLKYLYPNIDKDHAFGKYYSRPKEAPEPMELDGPKGTGYIKTELISVSEVHPSRLQTTDNLLPMSPEEFDEVSRIVGSVEFDSMMNT,Y
1,P35968,61,FLTLEHLICYSFQVAKGMEFLASRKCIHRDLAARNILLSEKNVVKICDFGLARDIYKDPDYVRKGDARLPLKWMAPETIFDRVYTIQSDVWSFGVLLWEIFSLGASPYPGVKIDEEFCRR,Y
1,Q13164,61,YFLYQLLRGLKYMHSAQVIHRDLKPSNLLVNENCELKIGDFGMARGLCTSPAEHQYFMTEYVATRWYRAPELMLSLHEYTQAIDLWSVGCIFGEMLARRQLFPGKNYVHQLQLIMMVLGT,Y
1,Q14289,61,SLKVLTLVLYSLQICKAMAYLESINCVHRDIAVRNILVASPECVKLGDFGLSRYIEDEDYYKASVTRLPIKWMSPESINFRRFTTASDVWMFAVCMWEILSFGKQPFFWLENKDVIGVLE,Y
1,Q14289,61,ENMADLIDGYCRLQGEHQGSLIIHPRKDGEKRNSLPQIPMLNLEARRSHLSESCSIESDIYAEIPDETLRRPGGPQYGIAREDVVLNRILGEGFFGEVYEGVYTNHKGEKINVAVKTCKK,Y
1,P29597,61,IGLAQLLLFAQQICEGMAYLHAQHYIHRDLAARNVLLDNDRLVKIGDFGLAKAVPEGHEYYRVREDGDSPVFWYAPECLKEYKFYYASDVWSFGVTLYELLTHCDSSQSPPTKFLELIGI,Y
1,P10912,61,IFGIFGLTVMLFVFLFSKQQRIKMLILPPVPVPKIKGIDPDLLKEGKLEEVNTILAIHDSYKPEFHSDDSWVEFIELDIDEPDEKTEESDTDRLLSSDHEKSHSNLGVKDGDSGRTSCCE,Y
1,P00533,61,DVVDADEYLIPQQGFFSSPSTSRTPLLSSLSATSNNSTVACIDRNGLQSCPIKEDSFLQRYSSDPTGALTEDSIDDTFLPVPEYINQSVPKRPAGSVQNPVYHNQPLNPAPSRDPHYQDP,Y
1,P35968,61,FCRRLKEGTRMRAPDYTTPEMYQTMLDCWHGEPSQRPTFSELVEHLGNLLQANAQQDGKDYIVLPISETLSMEEDSGLSLPTSPVSCMEEEEVCDPKFHYDNTAGISQYLQNSKRKSRPV,Y
1,P04629-2,61,PLGLGQLLAVASQVAAGMVYLAGLHFVHRDLATRNCLVGQGLVVKIGDFGMSRDIYSTDYYRVGGRTMLPIRWMPPESILYRKFTTESDVWSFGVVLWEIFTYGKQPWYQLSNTEAIDCI,Y
1,Q15654,55,MSGPTWLPPKQPEPARAPQGRAIPRGTPGPPPAHGAALQPHPRVNFCPLPSEQCYQAPGGPEDRGPAWVGSHGVLQHTQGLPADRGGLRPGSLDAEIDLLSSTLAELNGGRGHA,Y
1,P29353-2,61,ILECPEGLAQDVISTIGQAFELRFKQYLRNPPKLVTPHDRMAGFDGSAWDEEEEEPPDHQYYNDFPGKEPPLGGVVDMRLREGAAPGAARPTAPNAQTPSHLGATLPVGQPVGGDPEVRK,Y
1,P00533,61,DSRPKFRELIIEFSKMARDPQRYLVIQGDERMHLPSPTDSNFYRALMDEEDMDDVVDADEYLIPQQGFFSSPSTSRTPLLSSLSATSNNSTVACIDRNGLQSCPIKEDSFLQRYSSDPTG,Y
1,P06239,61,IKLTINKLLDMAAQIAEGMAFIEERNYIHRDLRAANILVSDTLSCKIADFGLARLIEDNEYTAREGAKFPIKWTAPEAINYGTFTIKSDVWSFGILLTEIVTHGRIPYPGMTNPEVIQNL,Y
1,P27361,61,CYFLYQILRGLKYIHSANVLHRDLKPSNLLINTTCDLKICDFGLARIADPEHDHTGFLTEYVATRWYRAPEIMLNSKGYTKSIDIWSVGCILAEMLSNRPIFPGKHYLDQLNHILGILGS,Y
1,P07949,61,SKDLEKMMVKRRDYLDLAASTPSDSLIYDDGLSEEETPLVDCNNAPLPRALPSTWIENKLYGMSDPNWPGESPVPLTRADGTNTGFPRYPNDSVYANWMLSPSAAKLMDTFD,Y
1,Q15303,61,IPTREIPDLLEKGERLPQPPICTIDVYMVMVKCWMIDADSRPKFKELAAEFSRMARDPQRYLVIQGDDRMKLPSPNDSKFFQNLLDEEDLEDMMDAEEYLVPQAFNIPPPIYTSRARIDS,Y
1,P06213,61,PTYFYVTDYLDVPSNIAKIIIGPLIFVFLFSVVIGSIYLFLRKRQPDGPLGPLYASSNPEYLSASDVFPCSVYVPDEWEVSREKITLLRELGQGSFGMVYEGNARDIIKGEAETRVAVKT,Y
1,P08069,61,NPVLAPPSLSKMIQMAGEIADGMAYLNANKFVHRDLAARNCMVAEDFTVKIGDFGMTRDIYETDYYRKGGKGLLPVRWMSPESLKDGVFTTYSDVWSFGVVLWEIATLAEQPYQGLSNEQ,Y
1,P06213,61,NPGRPPPTLQEMIQMAAEIADGMAYLNAKKFVHRDLAARNCMVAHDFTVKIGDFGMTRDIYETDYYRKGGKGLLPVRWMAPESLKDGVFTTSSDMWSFGVVLWEITSLAEQPYQGLSNEQ,Y
1,O95297,61,LLISMILAVLYRRKNSKRDYTGCSTSESLSPVKQAPRKSPSDTEGLVKSLPSGSHQGPVIYAQLDHSGGHHSDKINKSESVVYADIRK,Y
1,P08581,61,HNPTVKDLIGFGLQVAKGMKYLASKKFVHRDLAARNCMLDEKFTVKVADFGLARDMYDKEYYSVHNKTGAKLPVKWMALESLQTQKFTTKSDVWSFGVLLWELMTRGAPPYPDVNTFDIT,Y
1,P09619,61,LLGEGYKKKYQQVDEEFLRSDHPAILRSQARLPGFHGLRSPLDTSSVLYTAVQPNEGDNDYIIPLPDPKPEVADEGPLEGSPSLASSTLNEVNTSSTISCDSPLEPQDEPEPEPQLELQV,Y
1,O60674,61,IDHIKLLQYTSQICKGMEYLGTKRYIHRDLATRNILVENENRVKIGDFGLTKVLPQDKEYYKVKEPGESPIFWYAPESLTESKFSVASDVWSFGVVLYELFTYIEKSKSPPAEFMRMIGN,Y
1,Q9NWQ8,61,PPPVPVKLLDENENLQEKEGGEAEESATDTTSETNKRFSSLSYKSREEDPTLTEEEISAMYSSVNKPGQLVNKSGQSLTVPESTYTSIQGDPQRSPSSCNDLYATVKDFEKTPNSTLPPA,Y
1,P04626,61,TRSGGGDLTLGLEPSEEEAPRSPLAPSEGAGSDVFDGDLGMGAAKGLQSLPTHDPSPLQRYSEDPTVPLPSETDGYVAPLTCSPQPEYVNQPDVRPQPPSPREGPLPAARPAGATLERPK,Y
1,Q16611,61,EAEGVAAPADPEMVTLPLQPSSTMGQVGRQLAIIGDDINRRYDSEFQTMLQHLQPTAENAYEYFTKIATSLFESGINWGRVVALLGFGYRLALHVYQHGLTGFLGQVTRFVVDFMLHHCI,Y
1,P10912,61,QLSNPSSLSNIDFYAQVSDITPAGSVVLSPGQKNKAGMSQCDMHPEMVSLCQENFLMDNAYFCEADAKKCIPVAPHIKVESHIQPSLNQEDIYITTESLTTAAGRPGTGEHVPGSEMPVP,Y
1,Q14721,61,SLLEVCDDYSLDDNEYFFDRHPGAFTSILNFYRTGRLHMMEEMCALSFSQELDYWGIDEIYLESCCQARYHQKKEQMNEELKREAETLREREGEEFDNTCCAEKRKKLWDLLEKPNSSVA,Y
1,P18031,61,CGHFWEMVWEQKSRGVVMLNRVMEKGSLKCAQYWPQKEEKEMIFEDTNLKLTLISEDIKSYYTVRQLELENLTTQETREILHFHYTTWPDFGVPESPASFLNFLFKVRESGSLSPEHGPV,Y
1,P09619,61,PSAELYSNALPVGLPLPSHVSLTGESDGGYMDMSKDESVDYVPMLDMKGDVKYADIESSNYMAPYDNYVPSAPERTCRATLINESPVLSYMDLVGFSYQVANGMEFLASKNCVHRDLAAR,Y
1,Q14790,61,KGIIYGTDGQEAPIYELTSQFTGLKCPSLAGKPKVFFIQACQGDNYQKGIPVETDSEEQPYLEMDLSSPQTRYIPDEADFLLGMATVNNCVSYRNPAEGTWYIQSLCQSLRERCPRGDDIL,Y
1,Q13480,61,EDPNLFGSNSLDGGSSPMIKPKGDKQVEYLDLDLDSGKSTPPRKQKSSGSGSSVADERVDYVVVDQQKTLALKSTREAWTDGRQSTESETPAKSV,Y
1,P31260,61,GGGSQGDEEAHASSSAAEELSPAPSESSKASPEKDSLGNSKGENAANWLTAKSGRKKRCPYTKHQTLELEKEFLFNMYLTRERRLEISRSVHLTDRQVKIWFQNRRMKLKKMNRENRIRE,Y
1,P04626,61,RPAGATLERPKTLSPGKNGVVKDVFAFGGAVENPEYLTPQGGAAPQPHPPPAFSPAFDNLYYWDQDPPERGAPPSTFKGTPTAENPEYLGLDVP,Y
1,P22681,61,NAIYSLAARPLPVPKLPPGEQCEGEEDTEYMTPSSRPLRPLDTSQSSRACDCDQQIDSCTYEAMYNIQSQAPSITESSTFGEGNLAAAHANTGPEESENEDDGYDVPKPPVPAVLARRTL,Y
1,Q14247,61,EARRKLEEQARAKTQTPPVSPAPQPTEERLPSSPVYEDAASFKAELSYRGPVSGTEPEPVYSMEAADYREASSQQGLAYATEAVYESAEAPGHYPAEDSTYDEYENDLGITAVALYDYQA,Y
1,P28482,61,CYFLYQILRGLKYIHSANVLHRDLKPSNLLLNTTCDLKICDFGLARVADPDHDHTGFLTEYVATRWYRAPEIMLNSKGYTKSIDIWSVGCILAEMLSNRPIFPGKHYLDQLNHILGILGS,Y
1,P35968,61,DLYKDFLTLEHLICYSFQVAKGMEFLASRKCIHRDLAARNILLSEKNVVKICDFGLARDIYKDPDYVRKGDARLPLKWMAPETIFDRVYTIQSDVWSFGVLLWEIFSLGASPYPGVKIDE,Y
1,P23458,61,KINLKQQLKYAVQICKGMDYLGSRQYVHRDLAARNVLVESEHQVKIGDFGLTKAIETDKEYYTVKDDRDSPVFWYAPECLMQSKFYIASDVWSFGVTLHELLTYCDSDSSPMALFLKMIG,Y
1,P29597,61,SIGLAQLLLFAQQICEGMAYLHAQHYIHRDLAARNVLLDNDRLVKIGDFGLAKAVPEGHEYYRVREDGDSPVFWYAPECLKEYKFYYASDVWSFGVTLYELLTHCDSSQSPPTKFLELIG,Y
1,P12931,61,QGCFGEVWMGTWNGTTRVAIKTLKPGTMSPEAFLQEAQVMKKLRHEKLVQLYAVVSEEPIYIVTEYMSKGSLLDFLKGETGKYLRLPQLVDMAAQIASGMAYVERMNYVHRDLRAANILV,Y
1,Q86WV1,61,SKKESCFELTSQDRRSYEFTATSPAEARDWVDQISFLLKDLSSLTIPYEEDEEEEEKEETYDDIDGFDSPSCGSQCRPTILPGSVGIKEPTEEKEEEDIYEVLPDEEHDLEEDESGTRRK,Y
1,P35222,61,IDGQYAMTRAQRVRAAMFPETLDEGMQIPSTQFDAAHPTNVQRLAEPSQMLKHAVVNLINYQDDAELATRAIPELTKLLNDEDQVVVNKAAVMVHQLSKKEASRHAIMRSPQMVSAIVRT,Y
1,P40763,61,LNNMSFAEIIMGYKIMDATNILVSPLVYLYPDIPKEEAFGKYCRPESQEHPEADPGSAAPYLKTKFICVTPTTCSNTIDLPMSPRTLDSLMQFGNNGEGAEPSAGGQFESLTFDMELTSE,Y
1,Q16539,61,LTDDHVQFLIYQILRGLKYIHSADIIHRDLKPSNLAVNEDCELKILDFGLARHTDDEMTGYVATRWYRAPEIMLNWMHYNQTVDIWSVGCIMAELLTGRTLFPGTDHIDQLKLILRLVGT,Y
1,P07949,61,ALTMGDLISFAWQISQGMQYLAEMKLVHRDLAARNILVAEGRKMKISDFGLSRDVYEEDSYVKRSQGRIPVKWMAIESLFDHIYTTQSDVWSFGVLLWEIVTLGGNPYPGIPPERLFNLL,Y
1,P31260,61,EELSPAPSESSKASPEKDSLGNSKGENAANWLTAKSGRKKRCPYTKHQTLELEKEFLFNMYLTRERRLEISRSVHLTDRQVKIWFQNRRMKLKKMNRENRIRELTANFNF,Y
1,P08581,61,NPTVKDLIGFGLQVAKGMKYLASKKFVHRDLAARNCMLDEKFTVKVADFGLARDMYDKEYYSVHNKTGAKLPVKWMALESLQTQKFTTKSDVWSFGVLLWELMTRGAPPYPDVNTFDITV,Y
1,O00401,61,KRLTKADIGTPSNFQHIGHVGWDPNTGFDLNNLDPELKNLFDMCGISEAQLKDRETSKVIYDFIEKTGGVEAVKNELRRQAPPPPPPSRGGPPPPPPPPHNSGPPPPPARGRGAPPPPPS,Y
1,Q5JTD0,61,LAEDVFVHVDMSEGVPGDPASPPAPGSPTPQPNGECHSLGTARGSPEEELPLPAFEKLNPYPTPSPPHPLYPGRRVIEFSEDKVRIPRNSPLPNCTYATRQAISLSLVEEGSERARPSPV,Y
1,Q9NXH9,61,RPRARPGGKAADEAMEERRRLLQNKRKEPPEDVAQRAARLKTFPCKRFKEGTCQRGDQCCYSHSPPTPRVSADAAPDCPETSNQTPPGPGAAAGPGI,Y
1,O60841,61,ADRETVAVKPTENNEEEFTSKDKKKKGQKGKKQSFDDNDSEELEDKDSKSKKTAKPKVEMYSGSDDDDDFNKLPKKAKGKAQKSNKKWDGSEEDEDNSKKIKERSRINSSGESGDESDEF,Y
1,O00203,61,VCPDRIDLIHKNYRKLCNLLVDVEEWGQVVIIHMLTRYARTQFVSPWKEGDELEDNGKNFYESDDDQKEKTDKKKKPYTMDPDHRLLIRNTKPLLQSRNAAVVMAVAQLYWHISPKSEAG,Y
1,P06493,19,MEDYTKIEKIGEGTYGVVYKGRHKTTGQVVAMKKIRLESEEEGVPSTAIREISLLKELRHPNIVSLQDVLMQDSRLYL,Y
1,Q8IYB3,61,GRRRRSPSPPPTRRRRSPSPAPPPRRRRTPTPPPRRRTPSPPPRRRSPSPRRYSPPIQRRYSPSPPPKRRTASPPPPPKRRASPSPPPKRRVSHSPPPKQRSSPVTKRRSPSLSSKHRKG,Y
1,P07948,61,GQFGEVWMGYYNNSTKVAVKTLKPGTMSVQAFLEEANLMKTLQHDKLVRLYAVVTREEPIYIITEYMAKGSLLDFLKSDEGGKVLLPKLIDFSAQIAEGMAYIERKNYIHRDLRAANVLV,Y
1,Q07955,61,REAGDVCYADVYRDGTGVVEFVRKEDMTYAVRKLDNTKFRSHEGETAYIRVKVDGPRSPSYGRSRSRSRSRSRSRSRSNSRSRSYSPRRSRGSPRYSPRHSRSRSR,Y
1,Q9NTZ6,61,PNGKATGEGFVEFRNEADYKAALCRHKQYMGNRFIQVHPITKKGMLEKIDMIRKRLQNFSYDQREMILNPEGDVNSAKVCAHITNIPFSITKMDVLQFLEGIPVDENAVHVLVDNNGQGL,Y
1,Q13595,61,TPGIYMGRPTHSGGGGGGGGGGGGGGGGRRRDSYYDRGYDRGYDRYEDYDYRYRRRSPSPYYSRYRSRSRSRSYSPRR,Y
1,Q96AE4,61,IKQLQERAGVKMVMIQDGPQNTGADKPLRITGDPYKVQQAKEMVLELIRDQGGFREVRNEYGSRIGGNEGIDVPIPRFAVGIVIGRNGEMIKKIQNDAGVRIQFKPDDGTTPERIAQITG,Y
1,Q96P48,61,LPTKEEESLLPSLSSPPQPQSEEPLSTLPQGPPQPPSPPPCPPEIPPKPVRLFPEFDDSDYDEVPEEGPGAPARVMTKKEEPPPSRVPRAVRVASLLSEGEELSGDDQGDEEEDDHAYEG,Y
1,O60341,61,AEPPGSAGPQAGPTVVPGSATPMETGIAETPEGRRTSRRKRAKVEYREMDESLANLSEDEYYSEEERNAKAEKEKKLPPPPPQAPPEEENESEPEEPSGVEGAAFQSRLPHDRMTSQEAA,Y
1,P18583,61,GTMDAQMLASSTQDSAMLGSKSPDPYRLAQDPYRLAQDPYRLGHDPYRLGHDAYRLGQDPYRLGHDPYRLTPDPYRMSPRPYRIAPRSYRIAPRPYRLAPRPLMLASRRSMMMSYAAERS,Y
1,P08559,61,MGTSVERAAASTDYYKRGDFIPGLRVDGMDILCVREATRFAAAYCRSGKGPILMELQTYRYHGHSMSDPGVSYRTREEIQEVRSKSDPIMLLKDRMVNSNLASVEELKEIDVEVRKEIED,Y
1,O60341,61,EPPGSAGPQAGPTVVPGSATPMETGIAETPEGRRTSRRKRAKVEYREMDESLANLSEDEYYSEEERNAKAEKEKKLPPPPPQAPPEEENESEPEEPSGVEGAAFQSRLPHDRMTSQEAAC,Y
1,O95218,61,KTLAEKSRGLFSANDWQCKTCSNVNWARRSECNMCNTPKYAKLEERTGYGGGFNERENVEYIEREESDGEYDEFGRKKKKYRGKAVGPASILKEVEDKESEGEEEDEDEDLSKYKLDEDE,Y
1,P08670,61,MSTRSVSSSSYRRMFGGPGTASRPSSSRSYVTTSTRTYSLGSALRPSTSRSLYASSPGGVYATRSSAVRLRSSVPGVRLLQDSVDFSLADAINTEFKNTRTNEKVELQELNDRFANYIDK,Y
1,Q9NYF8,61,DGFREEKNYKLKETGYVVERPSTTKDKHKEEDKNSERITVKKETQSPEQVKSEKLKDLFDYSPPLHKNLDAREKSTFREESPLRIKMIASDSHRPEVKLKMAPVPLDDSNRPASLTKDRL,Y
1,P49792,61,LPVPLESVKEMLNSVMQELEDYSEGGPLYKNGSLRNADSEIKHSTPSPTRYSLSPSKSYKYSPKTPPRWAEDQNSLLKMICQQVEAIKKEMQELKLNSSNSASPHRWPTENYGPDSVPDG,Y
0,P06400,61,KKELWGICIFIAAVDLDEMSFTFTELQKNIEISVHKFFNLLKEIDTSTKVDNAMSRLLKKYDVLFALFSKLERTCELIYLTQPSSSISTEINSALVLKVSWITFLLAKGEVLQMEDDLVI,Y
0,P16104,58,MSGRGKTGGKARAKAKSRSSRAGLQFPVGRVHRLLRKGHYAERVGAGAPVYLAAVLEYLTAEILELAGNAARDNKKTRIIPRHLQLAIRNDEELNKLLGGVTIAQGGVLPNIQAVLL,Y
0,Q96GX5,61,KKADMINKNMTHQVQAERDALALSKSPFIVHLYYSLQSANNVYLVMEYLIGGDVKSLLHIYGYFDEEMAVKYISEVALALDYLHRHGIIHRDLKPDNMLISNEGHIKLTDFGLSKVTLNR,Y
0,Q92736,61,GFCPDHKAAMVLFLDRVYGIEVQDFLLHLLEVGFLPDLRAAASLDTAALSATDMALALNRYLCTAVLPLLTRCAPLFAGTEHHASLIDSLLHTVYRLSKGCSLTKAQRDSIEVCLLSICG,Y
0,Q16659,61,WPVHNNFDIDEVQLDPRALSDVTDEEEVQVDPRKYLDGDREKYLEDPAFDTNYSTEPCWQYSDHHENKYCDLECSHTCNYKTRSSSYLDNLVWRESEVNHYYEPKLIIDLSNWKEQSKEK,Y
0,P51692,61,FIIEKQPPQVLKTQTKFAATVRLLVGGKLNVHMNPPQVKATIISEQQAKSLLKNENTRNDYSGEILNNCCVMEYHQATGTLSAHFRNMSLKRIKRSDRRGAESVTEEKFTILFESQFSVG,Y
0,P04629,61,WCIPFSVDGQPAPSLRWLFNGSVLNETSFIFTEFLEPAANETVRHGCLRLNQPTHVNNGNYTLLAANPFGQASASIMAAFMDNPFEFNPEDPIPDTNSTSGDPVEKKDETPFGVSVAVGL,Y
0,Q9NRY4,61,MDTSSLERGRKVSIVSKPVLYRTRCTRLGRFASYRTSFSVGSDDELGPIRKKEEDQASQGYKGDNAVIPYETDEDPRRRNILRSLRRNTKKPKPKPRPSITKATWESNYFGVPLTTVVTP,Y
0,Q13555,61,KKLSARDHQKLEREARICRLLKHPNIVRLHDSISEEGFHYLVFDLVTGGELFEDIVAREYYSEADASHCIHQILESVNHIHQHDIVHRDLKPENLLLASKCKGAAVKLADFGLAIEVQGE,Y
0,Q15303,61,ALDNPEYHNASNGPPKAEDEYVNEPLYLNTFANTLGKAEYLKNNILSMPEKAKKAFDNPDYWNHSLPPRSTLQHPDYLQEYSTKYFYKQNGRIRPIVAENPEYLSEFSLKPGTVLPPPPY,Y
0,P84022,61,PYHYQRVETPVLPPVLVPRHTEIPAEFPPLDDYSHSIPENTNFPAGIEPQSNIPETPPPGYLSEDGETSDHQMNHSMDAGSPNLSPNPMSPAHNNLDLQPVTYCEPAFWCSISYYELNQR,Y
0,O60343,61,LLRQSSSEQCSNLSSVRRMYKESNSSSSLPSLHTSFSAPSFTAPSFLKSFYQNSGRLSPQYENEIRQDTASESSDGEGRKRTSSTCSNESLSVGGTSVTPRRISWRQRIFLRVASPMNKS,Y
0,Q13164,61,DNIIAIKDILRPTVPYGEFKSVYVVLDLMESDLHQIIHSSQPLTLEHVRYFLYQLLRGLKYMHSAQVIHRDLKPSNLLVNENCELKIGDFGMARGLCTSPAEHQYFMTEYVATRWYRAPE,Y
0,P31749,61,ITDFGLCKEGIKDGATMKTFCGTPEYLAPEVLEDNDYGRAVDWWGLGVVMYEMMCGRLPFYNQDHEKLFELILMEEIRFPRTLGPEAKSLLSGLLKKDPKQRLGGGSEDAKEIMQHRFFA,Y
0,O75563,61,HPLPISNPLTSSQPIDDEIYEELPEEEEDSAPVKVEEQRKMSQDSVHHTSGDKSTDYANFYQGLWDCTGAFSDELSFKRGDVIYILSKEYNRYGWWVGEMKGAIGLVPKAYIMEMYD,Y
0,P07949,61,LLLLLLLPLLGKVALGLYFSRDAYWEKLYVDQAAGTPLLYVHALRDAPEEVPSFRLGQHLYGTYRTRLHENNWICIQEDTGLLYLNRSLDHSSWEKLSVRNRGFPLLTVYLKVFLSPTSL,Y
0,P29803,61,DYYKRGNFIPGLKVDGMDVLCVREATKFAANYCRSGKGPILMELQTYRYHGHSMSDPGVSYRTREEIQEVRSKRDPIIILQDRMVNSKLATVEELKEIGAEVRKEIDDAAQFATTDPEPH,Y
0,Q9NRY4,61,PFITPGKPWEEARSFIMNEDFYQWLEESVYMDIYGKHQKQIIDKAKEEFQELLLEYSELFYELELDAKPSKEKMGVIQDVLGEEQRFKALQKLQAERDALILKHIHFVYHPTKETCPSCP,Y
0,P40763,61,TTKRGLSIEQLTTLAEKLLGPGVNYSGCQITWAKFCKENMAGKGFSFWVWLDNIIDLVKKYILALWNEGYIMGFISKERERAILSTKPPGTFLLRFSESSKEGGVTFTWVEKDISGKTQI,Y
0,Q14693,61,GTCRCEGTIYLWNWDDKVIISDIDGTITRSDTLGHILPTLGKDWTHQGIAKLYHKVSQNGYKFLYCSARAIGMADMTRGYLHWVNERGTVLPQGPLLLSPSSLFSALHREVIEKKPEKFK,Y
0,P23458,61,DSECGPFIKLSDPGIPITVLSRQECIERIPWIAPECVEDSKNLSVAADKWSFGTTLWEICYNGEIPLKDKTLIEKERFYESRCRPVTPSCKELADLMTRCMNYDPNQRPFFRAIMRDINK,Y
0,Q14832,61,SYLKVGHWAETLSLDVNSIHWSRNSVPTSQCSDPCAPNEMKNMQPGDVCCWICIPCEPYEYLADEFTCMDCGSGQWPTADLTGCYDLPEDYIRWEDAWAIGPVTIACLGFMCTCMVVTVF,Y
0,P50750,61,GERDYGPPIDLWGAGCIMAEMWTRSPIMQGNTEQHQLALISQLCGSITPEVWPNVDNYELYEKLELVKGQKRKVKDRLKAYVRDPYALDLIDKLLVLDPAQRIDSDDALNHDFFWSDPMP,Y
0,P21333,61,EAMQQADDWLGIPQVITPEEIVDPNVDEHSVMTYLSQFPKAKLKPGAPLRPKLNPKKARAYGPGIEPTGNMVKKRAEFTVETRSAGQGEVLVYVEDPAGHQEEAKVTANNDKNRTFSVWY,Y
0,O00168,31,MASLGHILVFCVGLLTMAKAESPKEHDPFTYDYQSLQIGGLVIAGILFILGILIVLSRRCRCKFNQQQRTGEPDEEEGTFRSSIRRLSTR,Y
0,Q16659,61,PNNYTKAIDMWAAGCIFAEMLTGKTLFAGAHELEQMQLILESIPVVHEEDRQELLSVIPVYIRNDMTEPHKPLTQLLPGISREALDFLEQILTFSPMDRLTAEEALSHPYMSIYSFPMDE,Y
0,P18433-6,61,FKKLTSIKIQNDKMRTGNLPANMKKNRVLQIIPYEFNRVIIPVKRGEENTDYVNASFIDGYRQKDSYIASQGPLLHTIEDFWRMIWEWKSCSIVMLTELEERGQEKCAQYWPSDGLVSYG,Y
0,O43318,61,EKPTRSHPWTPDDSTDTNGSDNSIPMAYLTLDHQLQPLAPCPNSKESMAVFEQHCKMAQEYMKVQTEIALLLQRKQELVAELDQDEKDQQNTSRLVQEHKKLLDENKSLSTYYQQCKKQL,Y
0,P52565,61,PNVVVTGLTLVCSSAPGPLELDLTGDLESFKKQSFVLKEGVEYRIKISFRVNREIVSGMKYIQHTYRKGVKIDKTDYMVGSYGPRAEEYEFLTPVEEAPKGMLARGSYSIKSRFTDDDKT,Y
0,Q02241,61,AAKQLEMQNKLWVKDEKLKQLKAIVTEPKTEKPERPSRERDREKVTQRSVSPSPVPLSSNYIAQISNGQQLMSQPQLHRRSNSCSSISVASCISEWEQKIPTYNTPLKVTSIARRRQQEP,Y
0,Q13127,61,IICTYTTVSEYHWRKHLRNHFPRKVYTCGKCNYFSDRKNNYVQHVRTHTGERPYKCELCPYSSSQKTHLTRHMRTHSGEKPFKCDQCSYVASNQHEVTRHARQVHNGPKPLNCPHCDYKT,Y
0,Q6VY07,61,MPRPVKVAAVGGQSYLSSILRFFVKSLANKTSDWLGYMRFLIIPLGSHPVAKYLGSVDSKYSSSFLDSGWRDLFSRSEPPVSEQLDVAGRVMQYVNGAATTHQLPVAEAMLTCRHKFPDE,Y
0,Q06124,61,EGQRQENKNKNRYKNILPFDHTRVVLHDGDPNEPVSDYINANIIMPEFETKCNNSKPKKSYIATQGCLQNTVNDFWRMVFQENSRVIVMTTKEVERGKSKCVKYWPDEYALKEYGVMRVR,Y
0,O15169,61,RRGRACVRPACAPVLHVVPAVSDMELSETETRSQRKVGGGSAQPCDSIVVAYYFCGEPIPYRTLVRGRAVTLGQFKELLTKKGSYRYYFKKVSDEFDCGVVFEEVREDEAVLPVFEEKII,Y
0,P08559,61,LAAVSRVLSGASQKPASRVLVASRNFANDATFEIKKCDLHRLEEGPPVTTVLTREDGLKYYRMMQTVRRMELKADQLYKQKIIRGFCHLCDGQEACCVGLEAGINPTDHLITAYRAHGFT,Y
0,P09619,61,DSNYISKGSTFLPLKWMAPESIFNSLYTTLSDVWSFGILLWEIFTLGGTPYPELPMNEQFYNAIKRGYRMAQPAHASDEIYEIMQKCWEEKFEIRPPFSQLVLLLERLLGEGYKKKYQQV,Y
0,Q05397,61,SLSSPADSYNEGVKLQPQEISPPPTANLDRSNDKVYENVTGLVKAVIEMSSKIQPAPPEEYVPMVKEVGLALRTLLATVDETIPLLPASTHREIEMAQKLLNSDLGELINKMKLAQQYVM,Y
0,P38398,61,NIQAELGRNRGPKLNAMLRLGVLQPEVYKQSLPGSNCKHPEIKKQEYEEVVQTVNTDFSPYLISDNLEQPMGSSHASQVCSETPDDLLDDGEIKEDTSFAENDIKESSAVFSKSVQKGEL,Y
0,Q9NYA1,61,LLSLHTASGLRLFSVLSLAWGFIADVDLESEKYRRLGEMRFTLGTFLRLAALRTYRGRLAYLPVGRVGSKTPASPVVVQQGPVDAHLVPLEEPVPSHWTVVPDEDFVLVLALLHSHLGSE,Y
0,Q99683,61,KHLKLKSQPIEIPELPVFHLNSSGTNTEDSELTDWLRVNGADEDTISRFLAEDYTLLDVLYYVTRDDLKCLRLRGGMLCTLWKAIIDFRNKQ,Y
0,Q9H0Z9,61,HPTLIQRTYGLTPHYIYPPAIVQPSVVIPAAPVPSLSSPYIEYTPASPAYAQYPPATYDQYPYAASPATAASFVGYSYPAAVPQALSAAAPAGTTFVQYQAPQLQPDRM,Y
0,Q92736,61,QVKEDMETKCFICGIGNDYFDTVPHGFETHTLQEHNLANYLFFLMYLINKDETEHTGQESYVWKMYQERCWEFFPAGDCFRKQYEDQL,Y
0,P04049,61,GDVAVKILKVVDPTPEQFQAFRNEVAVLRKTRHVNILLFMGYMTKDNLAIVTQWCEGSSLYKHLHVQETKFQMFQLIDIARQTAQGMDYLHAKNIIHRDMKSNNIFLHEGLTVKIGDFGL,Y
0,Q14247,61,RVDKSAVGFDYQGKTEKHESQRDYSKGFGGKYGIDKDKVDKSAVGFEYQGKTEKHESQKDYVKGFGGKFGVQTDRQDKCALGWDHQEKLQLHESQKDYKTGFGGKFGVQSERQDSAAVGF,Y
0,P07949,61,VEYAKYGSLRGFLRESRKVGPGYLGSGGSRNSSSLDHPDERALTMGDLISFAWQISQGMQYLAEMKLVHRDLAARNILVAEGRKMKISDFGLSRDVYEEDSYVKRSQGRIPVKWMAIESL,Y
0,Q92736,61,LLAIIQGLIIDAFGELRDQQEQVKEDMETKCFICGIGNDYFDTVPHGFETHTLQEHNLANYLFFLMYLINKDETEHTGQESYVWKMYQERCWEFFPAGDCFRKQYEDQL,Y
0,Q16659,61,KSVSQEKQEKGMANLAQLEALYQSSWDSQFVSGGEDCFFINQFCEVRKDEQVEKENTYTSYLDKFFSRKEDTEMLETEPVEDGKLGERGHEEGFLNNSGEFLFNKQLESIGIPQFHSPVG,Y
0,O60674,44,MGMACLTMTEMEGTSTSSIYQNGDISGNANSMKQIDPVLQVYLYHSLGKSEADYLTFPSGEYVAEEICIAASKACGITPVYHNMFALMSETERIWYPPNHVFH,Y
0,Q15303,61,EYLVPQAFNIPPPIYTSRARIDSNRSEIGHSPPPAYTPMSGNQFVYRDGGFAAEQGVSVPYRAPTSTIPEAPVAQGATAEIFDDSCCNGTLRKPVAPHVQEDSSTQRYSADPTVFAPERS,Y
0,Q9NWQ8,61,STGKPKCHQSRELPRIPPESAVDTMLTARSVDGDQGLGMEGPYEVLKDSSSQENMVEDCLYETVKEIKEVAAAAHLEKGHSGKAKSTSASKELPGPQTEGKAEFAEYASVDRNKKCRQSV,Y
0,P21333,61,GVAKTGLKAHEPTYFTVDCAEAGQGDVSIGIKCAPGVVGPAEADIDFDIIRNDNDTFTVKYTPRGAGSYTIMVLFADQATPTSPIRVKVEPSHDASKVKAEGPGLSRTGVELGKPTHFTV,Y
0,P51692,61,HILYNEQRLVREANNGSSPAGSLADAMSQKHLQINQTFEELRLVTQDTENELKKLQQTQEYFIIQYQESLRIQAQFGPLAQLSPQERLSRETALQQKQVSLEAWLQREAQTLQQYRVELA,Y
0,P23458,61,VDDKMSLRLHYRMRFYFTNWHGTNDNEQSVWRHSPKKQKNGYEKKKIPDATPLLDASSLEYLFAQGQYDLVKCLAPIRDPKTEQDGHDIENECLGMAVLAISHYAMMKKMQLPELPKDIS,Y
0,P15311,61,QEVRKENPLQFKFRAKFYPEDVAEELIQDITQKLFFLQVKEGILSDEIYCPPETAVLLGSYAVQAKFGDYNKEVHKSGYLSSERLIPQRVMDQHKLTRDQWEDRIQVWHAEHRGMLKDNA,Y
0,Q08379,61,ILVSEKAELQTALAHTQHAARQKEGESEDLASRLQYSRRRVGELERALSAVSTQQKKADRYNKELTKERDALRLELYKNTQSNEDLKQEKSELEEKLRVLVTEKAGMQLNLEELQKKLEM,Y
0,P62136,61,EYGGFPPESNYLFLGDYVDRGKQSLETICLLLAYKIKYPENFFLLRGNHECASINRIYGFYDECKRRYNIKLWKTFTDCFNCLPIAAIVDEKIFCCHGGLSPDLQSMEQIRRIMRPTDVP,Y
0,Q99683,61,VAESEALQSLREACETVGATLETLHFGKLDFGETTVLDRFYNADIAVVEMSDAFRQPSLFYHLGVRESFSMANNIILYCDTNSDSLQSLKEIICQKNTMCTGNYTFVPYMITPHNKVYCC,Y
0,O60674,61,VLPKDILQERIPWVPPECIENPKNLNLATDKWSFGTTLWEICSGGDKPLSALDSQRKLQFYEDRHQLPAPKWAELANLINNCMDYEPDFRPSFRAIIRDLNSLFTPDYELLTENDMLPNM,Y
0,Q99259,61,MAAVPKLVLFTSEQSHYSIKKAGAALGFGTDNVILIKCNERGKIIPADFEAKILEAKQKGYVPFYVNATAGTTVYGAFDPIQEIADICEKYNLWLHVDAAWGGGLLMSRKHRHKLNGIER,Y
0,P40763,61,SKEGGVTFTWVEKDISGKTQIQSVEPYTKQQLNNMSFAEIIMGYKIMDATNILVSPLVYLYPDIPKEEAFGKYCRPESQEHPEADPGSAAPYLKTKFICVTPTTCSNTIDLPMSPRTLDS,Y
0,P06493,61,VAMKKIRLESEEEGVPSTAIREISLLKELRHPNIVSLQDVLMQDSRLYLIFEFLSMDLKKYLDSIPPGQYMDSSLVKSYLYQILQGIVFCHSRRVLHRDLKPQNLLIDDKGTIKLADFGL,Y
0,P35968,61,ILTNPISKEKQSHVVSLVVYVPPQIGEKSLISPVDSYQYGTTQTLTCTVYAIPPPHHIHWYWQLEEECANEPSQAVSVTNPYPCEEWRSVEDFQGGNKIEVNKNQFALIEGKNKTVSTLV,Y
0,P33981,61,ANECISVKGRIYSILKQIGSGGSSKVFQVLNEKKQIYAIKYVNLEEADNQTLDSYRNEIAYLNKLQQHSDKIIRLYDYEITDQYIYMVMECGNIDLNSWLKKKKSIDPWERKSYWKNMLE,Y
0,Q13315,61,FSEVEELFLQTTFDKMDFLTIVRECGIEKHQSSIGFSVHQNLKESLDRCLLGLSEQLLNNYSSEITNSETLVRCSRLLVGVLGCYCYMGVIAEEEAYKSELFQKAKSLMQCAGESITLFK,Y
0,Q14790-4,61,ALMLFQRLQEKRMLEESNLSFLKELLFRINRLDLLITYLNTRKEEMERELQTPGRAQISAYRFHFCRMSWAEANSQCQTQSVPFWRRVDHLLIRVMLYQISEEVSRSELRSFKFLLQEEI,Y
0,Q96GX5,61,AVQESNQKMLGPPLEVLKTLASKRNAVAFRSFNSHINASNNSEPSRMNMTSLDAMDISCAYSGSYPMAITPTQKRRSCMPHQQTPNQIKSGTPYRTPKSVRRGVAPVDDGRILGTPDYLA,Y
0,P84022,61,IPRSLDGRLQVSHRKGLPHVIYCRLWRWPDLHSHHELRAMELCEFAFNMKKDEVCVNPYHYQRVETPVLPPVLVPRHTEIPAEFPPLDDYSHSIPENTNFPAGIEPQSNIPETPPPGYLS,Y
0,Q13315,61,VVPLSQRSGVLEWCTGTVPIGEFLVNNEDGAHKRYRPNDFSAFQCQKKMMEVQKKSFEEKYEVFMDVCQNFQPVFRYFCMEKFLDPAIWFEKRLAYTRSVATSSIVGYILGLGDRHVQNI,Y
0,Q15797,61,FQMPADTPPPAYLPPEDPMTQDGSQPMDTNMMAPPLPSEINRGDVQAVAYEEPKHWCSIVYYELNNRVGEAFHASSTSVLVDGFTDPSNNKNRFCLGLLSNVNRNSTIENTRRHIGKGVH,Y
0,O60343,61,VFLSGEDDPEKIEERKKSKELRSLWRKAIHQQILLLRMEKENQKLEASRDELQSRKVKLDYEEVGACQKEVLITWDKKLLNCRAKIRCDMEDIHTLLKEGVPKSRRGEIWQFLALQYRLR,Y
0,Q05655,52,MAPFLRIAFNSYELGSLQAEDEANQPFCAVKMKEALSTERGKTLVQKKPTMYPEWKSTFDAHIYEGRVIQIVLMRAAEEPVSEVTVGVSVLAERCKKNNGKAEFWLDLQPQ,Y
0,Q92736,61,YYYSVRIFPGQEPANVWVGWITSDFHQYDTGFDLDRVRTVTVTLGDEKGKVHESIKRSNCYMVCAGESMSPGQGRNNNGLEIGCVVDAASGLLTFIANGKELSTYYQVEPSTKLFPAVFA,Y
0,Q9UQC2,61,SRGSEIQPPPVNRNLKPDRKAKPTPLDLRNNTVIDELPFKSPITKSWSRANHTFNSSSSQYCRPISTQSITSTDSGDSEENYVPMQNPVSASPVPSGTNSPAPKKSTGSVDYLALDFQPS,Y
0,Q9UPZ9,61,GELIAIKKMKRKFYSWEECMNLREVKSLKKLNHANVVKLKEVIRENDHLYFIFEYMKENLYQLIKERNKLFPESAIRNIMYQILQGLAFIHKHGFFHRDLKPENLLCMGPELVKIADFGL,Y
0,P06241,61,RTRGGTGVTLFVALYDYEARTEDDLSFHKGEKFQILNSSEGDWWEARSLTTGETGYIPSNYVAPVDSIQAEEWYFGKLGRKDAERQLLSFGNPRGTFLIRESETTKGAYSLSIRDWDDMK,Y
0,P12814,61,LQDTFIVHTIEEIQGLTTAHEQFKATLPDADKERLAILGIHNEVSKIVQTYHVNMAGTNPYTTITPQEINGKWDHVRQLVPRRDQALTEEHARQQHNERLRKQFGAQANVIGPWIQTKME,Y
0,Q13950,61,YPATFTYTPPVTSGMSLGMSATTHYHTYLPPPYPGSSQSQSGPFQTSSTPYLYYGTSSGSYQFPMVPGGDRSPSRMLPPCTTTSNGSTLLNPNLPNQNDGVDADGSHSSSPTVLNSSGRM,Y
0,P51692,61,LQQTQEYFIIQYQESLRIQAQFGPLAQLSPQERLSRETALQQKQVSLEAWLQREAQTLQQYRVELAEKHQKTLQLLRKQQTIILDDELIQWKRRQQLAGNGGPPEGSLDVLQSWCEKLAE,Y
0,P24928,61,KRLTHVYDLCKGKNICEGGEEMDNKFGVEQPEGDEDLTKEKGHGGCGRYQPRIRRSGLELYAEWKHVNEDSQEKKILLSPERVHEIFKRISDEECFVLGMEPRYARPEWMIVTVLPVPPL,Y
0,P29353-2,61,RLREGAAPGAARPTAPNAQTPSHLGATLPVGQPVGGDPEVRKQMPPPPPCPGRELFDDPSYVNVQNLDKARQAVGGAGPPNPAINGSAPRDLFDMKPFEDALRVPPPPQSVSMAEQLRGE,Y
0,Q8TED9,61,EASMHLVRECRICAFLLRKKRFGQWAKQLTVIREDQLLCYKSSKDRQPHLRLALDTCSIIYVPKDSRHKRHELRFTQGATEVLVLALQSREQAEEWLKVIREVSKPVGGAEGVEVPRSPV,Y
0,Q9Y2I7,61,YSWCRICKQVTPVVALSNESWSMSFAKYLELRFYGHQYTRRANAEPCGHSIHHDYHQYFSYNQMVASFSYSPIRLLEVCVPLPKIFIKRQAPLKVSLLQDLKDFFQKVSQVYVAIDERLA,Y
0,O95785,61,VRLVHAHPHWEEDGEAYEEDPASQPGTSQDAHACFPDTAVDYFGKAEPSLAPMWRENPAGYDPSLAFGPGCQQLSIRDFPLSKPLLHGTGQRPLGRLAFPSTLASTPYSLQLGRNKSTVH,Y
0,Q9BTC0,61,VMKPGPRPLLELPSHPPQHRKDRWEEAGPPSALSSSAPGQGPEADGQWASADFREGKGHEYRNQTFEGRQRERFDVGPKEKPLEEPDAQGRASEDRRRERERGRNWSRERDWDRPREWDR,Y
0,Q5T4S7,61,DSQAEDSDEDSLCNKLCTFTITQKEFMNQHWYHCHTCKMVDGVGVCTVCAKVCHKDHEISYAKYGSFFCDCGAKEDGSCLALVKRTPSSGMSSTMKESAFQSEPRISESLVRHASTSSPA,Y
0,P46100,61,FEILRMAEEIGDKVLVFSQSLISLDLIEDFLELASREKTEDKDKPLIYKGEGKWLRNIDYYRLDGSTTAQSRKKWAEEFNDETNVRGRLFIISTKAGSLGINLVAANRVIIFDASWNPSY,Y
0,Q9Y2X7,61,LVVYGADPGSPDVNGRTPIDYARQAGHHELAERLVECQYELTDRLAFYLCGRKPDHKNGHYIIPQMADSLDLSELAKAAKKKLQALSNRLFEELAMDVYDEVDRRENDAVWLATQNHSTL,Y
0,P12956,61,DASKAMFESQSEDELTPFDMSIQCIQSVYISKIISSDRDLLAVVFYGTEKDKNSVNFKNIYVLQELDNPGAKRILELDQFKGQQGQKRFQDMMGHGSDYSLSEVLWVCANLFSDVQFKMS,Y
0,Q14573,61,ELRPVKEMAQSHEYLSIEYSEEEVWLTWTDKNNEHHEKSVRQLAQEARAGNAHDENVLSYYRYQLKLFARMCLDRQYLAIDEISQQLGVDLIFLCMADEMLPFDLRASFCHLMLHVHVDR,Y
0,Q9BYW2,61,SNPNAGKVLLPTPSMDPVCSPAPYDHAQPLVGHSTEPLSAPPPVPVVPHVAAPVEVSSSQYVAQSDGVVHQDSSVAVLPVPAPGPVQGQNYSVWDSNQQSVSVQQQYSPAQSQATIYYQG,Y
0,Q6IBS0,61,QMKLDLERETIELVHTEPTDVAQLPSRVPRDAARYHFFLYKHTHEGDPLESVVFIYSMPGYKCSIKERMLYSSCKSRLLDSVEQDFHLEIAKKIEIGDGAELTAEFLYDEVHPKQHAFKQ,Y
0,Q8IZT6,61,VKKAATCLQAAYRGYKVRQLIKQQSIAALKIQSAFRGYNKRVKYQSVLQSIIKIQRWYRAYKTLHDTRTHFLKTKAAVISLQSAYRGWKVRKQIRREHQAALKIQSAFRMAKAQKQFRLF,Y
0,O70318,61,YSGRTQAQTREASTLIDRPAPQFERASSKRVSRSLDGAPIGVVDQSPPGEGSVPGPGVISYTTIQDGRRDSKSPTKATPLPAEGKKNTLRVDGDNIYVRHSNLMLEDLDKAQEAILKHQA,Y
0,P46100,61,IHTNHKTLYDLKTQAGKDDKGKRKRKSSTSGSDFDTKKGKSAKSSIISKKKRQTQSESSNYDSELEKEIKSMSKIGAARTTKKRIPNTKDFDSSEDEKHSKKGMDNQGHKNLKTSQEGSS,Y
0,Q15642,61,KAKQQAHLRSHMAEESKNEYAAQLQRFNRDQAHFYFSQMPQIFDKLQDMDERRATRLGAGYGLLSEAELEVVPIIAKCLEGMKVAANAVDPKNDSHVLIELHKSGFARPGDVEFEDFSQP,Y
0,P42356,61,WLLAGKDGVEVPFMREMAGAWHMTVEQKFGLFSAEIKEADPLAASEASQPKPCPPEVTPHYIWIDFLVQRFEIAKYCSSDQVEIFSSLLQRSMSLNIGGAKGSMNRHVAAIGPRFKLLTL,Y
0,Q9P275,60,MPIVDKLKEALKPGRKDSADDGELGKLLASSAKKVLLQKIEFEPASKSFSYQLEALKSKYVLLNPKTEGASRHKSGDDPPARRQGSEHTYESCGDGVPAPQKVLFPTERLSLRWERVFR,Y
0,P08567,61,DAFYYFPDSGFFCEENSSDDDVILKEEFRGVIIKQGCLLKQGHRRKNWKVRKFILREDPAYLHYYDPAGAEDPLGAIHLRGCVVTSVESNSNGRKSEEENLFEIITADEVHYFLQAATPK,Y
0,Q9P0N8,61,CCDMVCFLFITPLAAISGWLCLRGAQDHLRLHSQLEAVGLIALTIALFTIYVLWTLVSFRYHCQLYSEWRKTNQKVRLKIREADSPEGPQHSPLAAGLLKKVAEETP,Y
0,Q02543,61,APNHVVAKSRFWYFVSQLKKMKKSSGEIVYCGQVFEKSPLRVKNFGIWLRYDSRSGTHNMYREYRDLTTAGAVTQCYRDMGARHRARAHSIQIMKVEEIAASKCRRPAVKQFHDSKIKFP,Y
